time;global_x;global_y;global_yaw;relative_x;relative_y;relative_yaw
94558954;None;None;None;0.960124497812;-1.81452726304;2.06999993324
96522808;None;None;None;0.960124497812;-1.81452726304;2.06999993324
99680900;None;None;None;0.960124497812;-1.81452726304;2.06999993324
102471828;None;None;None;0.960095774222;-1.81447458519;2.06999993324
105952978;None;None;None;0.960051252659;-1.81439293453;2.06999993324
107692957;None;None;None;0.960023965249;-1.81434289058;2.06999993324
123503923;None;None;None;0.959982316045;-1.8142665077;2.06999993324
125893831;None;None;None;0.959778378569;-1.81389249501;2.06999993324
128343820;2.985;1.405;2.52434110428;0.959778378569;-1.81389249501;2.06999993324
130776882;2.985;1.405;2.52434110428;0.959748218802;-1.81383718328;2.06999993324
168359995;2.985;1.405;2.52434110428;0.957595385771;-1.80988897869;2.06999993324
195219993;2.985;1.405;2.52434110428;0.957595385771;-1.80988897869;2.06999993324
213299990;2.985;1.405;2.52434110428;0.95493620585;-1.80508376076;2.07999992371
214102983;2.985;1.405;2.52434110428;0.954858208722;-1.80494405947;2.07999992371
214671850;2.985;1.405;2.52434110428;0.954780211595;-1.80480435818;2.07999992371
258420944;2.985;1.405;2.52434110428;0.950940401375;-1.79813480101;2.09999990463
303818941;2.985;1.405;2.52434110428;0.944933421477;-1.78823986912;2.13000011444
348861933;2.985;1.405;2.52434110428;0.937958743258;-1.77754606172;2.17000007629
349955797;2.985;1.405;2.52434110428;0.937800827417;-1.77731484193;2.17000007629
350919962;2.985;1.405;2.52434110428;0.937548162088;-1.77694489028;2.17000007629
398507833;2.985;1.405;2.52434110428;0.930140421966;-1.76623800609;2.19000005722
406188965;2.985;1.405;2.52254892814;0.930140421966;-1.76623800609;2.19000005722
443284988;2.985;1.405;2.52254892814;0.924022714116;-1.75785779336;2.21000003815
443918943;2.985;1.405;2.52254892814;0.923891471669;-1.75768122772;2.21000003815
444380999;2.985;1.405;2.52254892814;0.923760229222;-1.75750466208;2.21000003815
488262892;2.985;1.405;2.52254892814;0.918538110374;-1.75058390586;2.22000002861
517174959;2.985;1.405;2.52410597408;0.918538110374;-1.75058390586;2.22000002861
533325910;2.985;1.405;2.52410597408;0.913580178219;-1.74421029495;2.24000000954
534216881;2.985;1.405;2.52410597408;0.913132277128;-1.74364401885;2.24000000954
534662962;2.985;1.405;2.52410597408;0.91295547406;-1.74342048881;2.24000000954
535162926;2.985;1.405;2.52410597408;0.912849392226;-1.74328637079;2.24000000954
535565853;2.985;1.405;2.52410597408;0.912731523514;-1.74313735076;2.24000000954
578192949;2.985;1.405;2.52410597408;0.907740962067;-1.73691053471;2.25
622942924;2.985;1.405;2.52410597408;0.902335749219;-1.73035975924;2.26999998093
644670010;2.985;1.405;2.52589657531;0.902335749219;-1.73035975924;2.26999998093
672953844;2.985;1.405;2.52589657531;0.894874187917;-1.72177340437;2.29999995232
723267794;2.985;1.405;2.52589657531;0.886657139932;-1.71272234991;2.31999993324
769359827;2.985;1.405;2.52589657531;0.879064625565;-1.70472853846;2.33999991417
769990921;2.985;1.405;2.52589657531;0.878716843916;-1.70436930602;2.33999991417
772076845;2.985;1.405;2.52589657531;0.878542953091;-1.7041896898;2.33999991417
772712946;2.985;1.405;2.52589657531;0.878068578933;-1.70369969676;2.33999991417
813374996;2.985;1.405;2.52589657531;0.872072145032;-1.69757152982;2.34999990463
858264923;2.985;1.405;2.52589657531;0.866014206985;-1.69153810869;2.36999988556
904789925;2.985;1.405;2.52589657531;0.861254509465;-1.68692130213;2.38000011444
916553020;2.985;1.405;2.52433185983;0.861254509465;-1.68692130213;2.38000011444
920596838;2.985;1.405;2.52433185983;0.861103248234;-1.68677707648;2.38000011444
921370983;2.985;1.405;2.52433185983;0.857021784766;-1.68292831324;2.3900001049
921907902;2.985;1.405;2.52433185983;0.856861052232;-1.68277809654;2.3900001049
922496796;2.985;1.405;2.52433185983;0.856700319697;-1.68262787984;2.3900001049
963603973;2.985;1.405;2.52433185983;0.851684640146;-1.67800689407;2.41000008583
1008271933;2.985;1.405;2.52433185983;0.841649631931;-1.66921056148;2.43000006676
1049211025;2.985;1.405;2.53001110651;0.841649631931;-1.66921056148;2.43000006676
1058070898;2.985;1.405;2.53001110651;0.832045093848;-1.66117248128;2.46000003815
1103204965;2.985;1.405;2.53001110651;0.823888709896;-1.65469298406;2.48000001907
1103892803;2.985;1.405;2.53001110651;0.823715126642;-1.65455782173;2.48000001907
1105738878;2.985;1.405;2.53001110651;0.823350601838;-1.65427398084;2.48000001907
1148083925;2.985;1.405;2.53001110651;0.816342700331;-1.64892518806;2.5
1193377972;2.985;1.405;2.53001110651;0.809476458134;-1.64379856077;2.50999999046
1224166870;2.985;1.405;2.52612274655;0.809476458134;-1.64379856077;2.50999999046
1238537788;2.985;1.405;2.52612274655;0.802548429271;-1.63876438593;2.51999998093
1239233971;2.985;1.405;2.52612274655;0.802369579818;-1.63863627318;2.51999998093
1239767790;2.985;1.405;2.52612274655;0.802190730364;-1.63850816043;2.51999998093
1283108950;2.985;1.405;2.52612274655;0.794386862577;-1.63296899932;2.52999997139
1328926802;2.985;1.405;2.52612274655;0.785788867209;-1.62712725481;2.54999995232
1375969887;2.985;1.405;2.52612274655;0.777550066892;-1.62174762101;2.57999992371
1415395975;2.985;1.405;2.52410275721;0.777550066892;-1.62174762101;2.57999992371
1418850899;2.985;1.405;2.52410275721;0.768280870915;-1.61596533663;2.58999991417
1472001791;2.985;1.405;2.52410275721;0.75870752833;-1.61029507241;2.61999988556
1478513956;2.985;1.405;2.52410275721;0.758516782456;-1.61018545482;2.61999988556
1479322910;2.985;1.405;2.52410275721;0.758326036582;-1.61007583723;2.61999988556
1523221016;2.985;1.405;2.52410275721;0.746482242616;-1.60344579808;2.65000009537
1528456926;2.985;1.405;2.52074616666;0.746482242616;-1.60344579808;2.65000009537
1568029880;2.985;1.405;2.52074616666;0.737657041194;-1.59876888376;2.66000008583
1568542957;2.985;1.405;2.52074616666;0.737462064342;-1.59866698169;2.66000008583
1570242882;2.985;1.405;2.52074616666;0.737267087489;-1.59856507962;2.66000008583
1618050814;2.985;1.405;2.52074616666;0.730252595019;-1.5949813699;2.68000006676
1669343948;2.985;1.405;2.52074616666;0.719658985021;-1.58973189795;2.69000005722
1718511820;2.985;1.405;2.52074616666;0.709704015593;-1.58505267674;2.71000003815
1721419811;2.985;1.405;2.52074616666;0.709504189434;-1.5849606468;2.71000003815
1728659868;2.985;1.405;2.52074616666;0.708664919638;-1.58457412107;2.71000003815
1752483845;2.985;1.405;2.52410275721;0.708664919638;-1.58457412107;2.71000003815
1773666859;2.985;1.405;2.52410275721;0.698668684143;-1.58009096794;2.73000001907
1818059921;2.985;1.405;2.52410275721;0.689636296797;-1.57625899175;2.75
1818565845;2.985;1.405;2.52410275721;0.689432950265;-1.57617502633;2.75
1818969011;2.985;1.405;2.52410275721;0.689229603733;-1.57609106091;2.75
1863008976;2.985;1.405;2.52410275721;0.680466713441;-1.57258647321;2.76999998093
1908411026;2.985;1.405;2.52410275721;0.671230111368;-1.56908592837;2.78999996185
1947082996;2.985;1.405;2.52612274655;0.671230111368;-1.56908592837;2.78999996185
1953076839;2.985;1.405;2.52612274655;0.661909043306;-1.56575099634;2.80999994278
1998102903;2.985;1.405;2.52612274655;0.65253093793;-1.56257999707;2.82999992371
2005215883;2.985;1.405;2.52254892814;0.65253093793;-1.56257999707;2.82999992371
2043323994;2.985;1.405;2.52254892814;0.643094444242;-1.55958664213;2.83999991417
2088274002;2.985;1.405;2.52254892814;0.633588296044;-1.55674533288;2.8599998951
2133260965;2.985;1.405;2.52254892814;0.623974818443;-1.55403626122;2.86999988556
2134065866;2.985;1.405;2.52254892814;0.62376288257;-1.55397724266;2.86999988556
2134627819;2.985;1.405;2.52254892814;0.623550946698;-1.5539182241;2.86999988556
2172808885;2.985;1.405;2.52434110428;0.623550946698;-1.5539182241;2.86999988556
2178210020;2.985;1.405;2.52434110428;0.6146320882;-1.5515893861;2.8900001049
2223192930;2.985;1.405;2.52434110428;0.605740540775;-1.54942247884;2.91000008583
2224454880;2.985;1.405;2.52434110428;0.604498607329;-1.5491296013;2.91000008583
2224970817;2.985;1.405;2.52434110428;0.604477194684;-1.54912455168;2.91000008583
2268011808;2.985;1.405;2.52434110428;0.59524206336;-1.54707529423;2.93000006676
2283442020;3.035;1.42;2.46459149656;0.59524206336;-1.54707529423;2.93000006676
2315667868;3.035;1.42;2.46459149656;0.584593804279;-1.54491759811;2.95000004768
2358228922;3.035;1.42;2.46459149656;0.574927214983;-1.5431113495;2.96000003815
2400918960;2.985;1.405;2.46555199164;0.574927214983;-1.5431113495;2.96000003815
2403002977;2.985;1.405;2.46555199164;0.565169000696;-1.54144260945;2.98000001907
2403493881;2.985;1.405;2.46555199164;0.565147287306;-1.54143906987;2.98000001907
2403931856;2.985;1.405;2.46555199164;0.5649410101;-1.54140544379;2.98000001907
2450987816;2.985;1.405;2.46555199164;0.556721952215;-1.54015989733;3.0
2493034840;2.985;1.405;2.46555199164;0.54656652751;-1.53875694286;3.00999999046
2493587017;2.985;1.405;2.46555199164;0.546348429582;-1.53872807596;3.00999999046
2493980884;2.985;1.405;2.46555199164;0.546130331655;-1.53869920905;3.00999999046
2517037868;2.98;1.425;2.44749455646;0.546130331655;-1.53869920905;3.00999999046
2538230896;2.98;1.425;2.44749455646;0.536714461849;-1.53758431448;3.03999996185
2583361864;2.98;1.425;2.44749455646;0.527694629127;-1.53669155726;3.04999995232
2628458023;2.98;1.425;2.44749455646;0.516927518443;-1.5358265359;3.06999993324
2673053980;2.98;1.425;2.44749455646;0.507021329398;-1.53527071703;3.09999990463
2673676968;2.98;1.425;2.44749455646;0.506823500644;-1.53526248404;3.09999990463
2674157858;2.98;1.425;2.44749455646;0.506603690902;-1.53525333628;3.09999990463
2718891859;2.91;1.46;2.37482601958;0.497238226731;-1.53490651247;3.1099998951
2717967987;2.91;1.46;2.37482601958;0.497238226731;-1.53490651247;3.1099998951
2770486832;2.91;1.46;2.37482601958;0.487318489377;-1.53470988938;3.13000011444
2828250885;2.91;1.46;2.37482601958;0.476104868072;-1.534678638;-3.13000011444
2847590923;2.925;1.46;2.32948357157;0.476104868072;-1.534678638;-3.13000011444
2879223823;2.925;1.46;2.32948357157;0.462689572411;-1.53488256586;-3.11999988556
2924353838;2.925;1.46;2.32948357157;0.453037202695;-1.53520323986;-3.09999990463
2927412987;2.925;1.46;2.32948357157;0.452707488095;-1.53521696151;-3.09999990463
2928104877;2.925;1.46;2.32948357157;0.451498534581;-1.53526727423;-3.09999990463
2945988893;2.925;1.48;2.30835377736;0.451498534581;-1.53526727423;-3.09999990463
2973090887;2.925;1.48;2.30835377736;0.441655668005;-1.53577312255;-3.07999992371
3018162012;2.925;1.48;2.30835377736;0.431845424539;-1.53645439032;-3.05999994278
3018798828;2.925;1.48;2.30835377736;0.431626156435;-1.5364723208;-3.05999994278
3019333839;2.925;1.48;2.30835377736;0.43140688833;-1.53649025129;-3.05999994278
3062736988;2.925;1.5;2.22278856027;0.43140688833;-1.53649025129;-3.05999994278
3068049908;2.925;1.5;2.22278856027;0.420872374156;-1.53748678289;-3.02999997139
3113158941;2.925;1.5;2.22278856027;0.411518780269;-1.53856813593;-3.01999998093
3129006863;2.925;1.5;2.22278856027;0.411300404583;-1.53859482046;-3.01999998093
3129993915;2.925;1.5;2.22278856027;0.41086365321;-1.5386481895;-3.01999998093
3130631924;2.925;1.5;2.22278856027;0.407152421276;-1.53911055012;-3.0
3143128872;2.925;1.5;2.22278856027;0.406912843094;-1.53914470116;-3.0
3143721819;2.925;1.5;2.22278856027;0.406499026226;-1.53920368932;-3.0
3144232988;2.925;1.5;2.22278856027;0.404212143602;-1.53952967653;-3.0
3144693851;2.925;1.5;2.22278856027;0.40397256542;-1.53956382758;-3.0
3145105839;2.925;1.5;2.22278856027;0.403754767062;-1.53959487398;-3.0
3161257982;2.895;1.52;2.23590389892;0.403754767062;-1.53959487398;-3.0
3188858986;2.895;1.52;2.23590389892;0.396124399539;-1.54078033109;-2.98000001907
3233076811;2.895;1.52;2.23590389892;0.384910803424;-1.54268208252;-2.96000003815
3264914989;2.88;1.55;2.20011833096;0.384910803424;-1.54268208252;-2.96000003815
3277970791;2.88;1.55;2.20011833096;0.37650612136;-1.54426742294;-2.95000004768
3323229790;2.88;1.55;2.20011833096;0.368155030498;-1.54591420131;-2.94000005722
3373773813;2.88;1.55;2.20011833096;0.359252853152;-1.54780088994;-2.93000006676
3375005960;2.88;1.55;2.20011833096;0.357446067906;-1.54818900177;-2.93000006676
3375628948;2.88;1.55;2.20011833096;0.357403049209;-1.54819824253;-2.93000006676
3399551868;2.835;1.56;2.16291882513;0.357403049209;-1.54819824253;-2.93000006676
3418313026;2.835;1.56;2.16291882513;0.348200741033;-1.55038961316;-2.8900001049
3464674950;2.835;1.56;2.16291882513;0.337892373462;-1.55308082325;-2.88000011444
3503337860;2.81;1.555;2.16084667357;0.337892373462;-1.55308082325;-2.88000011444
3508026838;2.81;1.555;2.16084667357;0.327896447948;-1.55589639658;-2.8599998951
3508456945;2.81;1.555;2.16084667357;0.327685112848;-1.55595753151;-2.8599998951
3509135008;2.81;1.555;2.16084667357;0.327473777748;-1.55601866644;-2.8599998951
3553537846;2.81;1.555;2.16084667357;0.31839250707;-1.55882087951;-2.82999992371
3604188919;2.81;1.555;2.16084667357;0.309590956466;-1.5617044906;-2.81999993324
3648381948;2.81;1.555;2.16084667357;0.298638371295;-1.56550623752;-2.79999995232
3693361998;2.81;1.555;2.16084667357;0.293717524893;-1.56729520468;-2.78999996185
3699132919;2.81;1.555;2.16084667357;0.288182214723;-1.56938878229;-2.77999997139
3699881792;2.81;1.555;2.16084667357;0.288161637363;-1.56939656511;-2.77999997139
3743757963;2.81;1.555;2.16084667357;0.279102919107;-1.57293120261;-2.75999999046
3757358789;2.76;1.585;2.16220160352;0.279102919107;-1.57293120261;-2.75999999046
3789551973;2.76;1.585;2.16220160352;0.270571005247;-1.57647798383;-2.74000000954
3790729999;2.76;1.585;2.16220160352;0.269335775306;-1.57700255118;-2.74000000954
3791265964;2.76;1.585;2.16220160352;0.269315525635;-1.57701115065;-2.74000000954
3833178997;2.76;1.585;2.16220160352;0.261077188369;-1.58062900303;-2.72000002861
3878618002;2.76;1.585;2.16220160352;0.252105475742;-1.58476140996;-2.70000004768
3923159838;2.76;1.585;2.16220160352;0.242759399176;-1.58927233467;-2.68000006676
3923852920;2.76;1.585;2.16220160352;0.242535563082;-1.58938367832;-2.68000006676
3924368858;2.76;1.585;2.16220160352;0.242311726987;-1.58949502197;-2.68000006676
3973168850;2.76;1.585;2.16220160352;0.232515647103;-1.59451590556;-2.66000008583
3987891912;2.73;1.64;2.13498080487;0.232515647103;-1.59451590556;-2.66000008583
4023190021;2.73;1.64;2.13498080487;0.223145224792;-1.59957284059;-2.6400001049
4025357962;2.73;1.64;2.13498080487;0.222817294879;-1.59975266822;-2.6400001049
4035219908;2.73;1.64;2.13498080487;0.222682264922;-1.59982671488;-2.6400001049
4102968931;2.73;1.64;2.13498080487;0.213473260025;-1.60495751267;-2.61999988556
4143256903;2.73;1.64;2.13498080487;0.200610223576;-1.61246507353;-2.59999990463
4145401955;2.73;1.64;2.13498080487;0.200421708053;-1.61257848385;-2.59999990463
4146792889;2.73;1.64;2.13498080487;0.20023319253;-1.61269189417;-2.59999990463
4151990890;2.71;1.655;2.14194552103;0.20023319253;-1.61269189417;-2.59999990463
4188864946;2.71;1.655;2.14194552103;0.1928209167;-1.61726919016;-2.57999992371
4238686800;2.71;1.655;2.14194552103;0.183088333679;-1.62356886001;-2.55999994278
4249598026;2.675;1.675;2.12684549986;0.183088333679;-1.62356886001;-2.55999994278
4284510851;2.675;1.675;2.12684549986;0.174272825474;-1.62952602364;-2.52999997139
4334067821;2.675;1.675;2.12684549986;0.167084424379;-1.63464001163;-2.51999998093
4338104010;2.675;1.675;2.12684549986;0.165575169418;-1.63574411751;-2.50999999046
4339828968;2.675;1.675;2.12684549986;0.164278985789;-1.6366923496;-2.50999999046
4343081951;2.675;1.675;2.12684549986;0.163923866977;-1.63695213921;-2.50999999046
4346277952;2.675;1.675;2.12684549986;0.163568748165;-1.63721192883;-2.50999999046
4374851942;2.675;1.675;2.09755125952;0.163568748165;-1.63721192883;-2.50999999046
4383996963;2.675;1.675;2.09755125952;0.156459663641;-1.64253293349;-2.49000000954
4428969860;2.675;1.675;2.09755125952;0.149175466994;-1.64815403684;-2.48000001907
4430269956;2.675;1.675;2.09755125952;0.149053958726;-1.64824865047;-2.48000001907
4431639910;2.675;1.675;2.09755125952;0.148724150553;-1.64850545891;-2.48000001907
4433184862;2.675;1.675;2.09755125952;0.148550567298;-1.64864062125;-2.48000001907
4434638023;2.675;1.675;2.09755125952;0.148376984044;-1.64877578359;-2.48000001907
4478901863;2.675;1.675;2.09755125952;0.140555461099;-1.65498709834;-2.46000003815
4482721805;2.675;1.675;2.1148559823;0.140555461099;-1.65498709834;-2.46000003815
4525026798;2.675;1.675;2.1148559823;0.134571475686;-1.65986767842;-2.45000004768
4526546001;2.675;1.675;2.1148559823;0.134418969895;-1.65999395582;-2.45000004768
4527920961;2.675;1.675;2.1148559823;0.132402504377;-1.66166362373;-2.45000004768
4534950972;2.675;1.675;2.1148559823;0.132233053487;-1.66180393196;-2.45000004768
4536775827;2.675;1.675;2.1148559823;0.131046897308;-1.66278608955;-2.45000004768
4538193941;2.675;1.675;2.1148559823;0.130591214925;-1.66316711545;-2.44000005722
4539269924;2.675;1.675;2.1148559823;0.130372763757;-1.66335170986;-2.44000005722
4580056906;2.67;1.695;2.09060192368;0.130372763757;-1.66335170986;-2.44000005722
4583774805;2.67;1.695;2.09060192368;0.1228070437;-1.66977077507;-2.43000006676
4640054941;2.67;1.695;2.09060192368;0.114954492902;-1.67673201903;-2.41000008583
4672202825;2.65;1.7;2.10238344068;0.114954492902;-1.67673201903;-2.41000008583
4683925867;2.65;1.7;2.10238344068;0.106997223844;-1.68415260798;-2.38000011444
4729098797;2.65;1.7;2.10238344068;0.098208083201;-1.69272084571;-2.34999990463
4773896933;2.65;1.7;2.10238344068;0.0904635425252;-1.70065855793;-2.33999991417
4775024891;2.65;1.7;2.10238344068;0.0903105186006;-1.70081662021;-2.33999991417
4775874853;2.65;1.7;2.10238344068;0.0901439393628;-1.70099216324;-2.32999992371
4818996906;2.65;1.7;2.10238344068;0.0837431807332;-1.70774726074;-2.31999993324
4865192890;2.65;1.7;2.10238344068;0.0776426542698;-1.71444538177;-2.29999995232
4908798933;2.65;1.7;2.10238344068;0.0723892238362;-1.72037613736;-2.28999996185
4919358969;2.65;1.7;2.10238344068;0.0722515376167;-1.72053337445;-2.28999996185
4926651001;2.65;1.7;2.10238344068;0.0710999800833;-1.72184844839;-2.28999996185
4928183794;2.65;1.7;2.10238344068;0.0704991674791;-1.7225345739;-2.28999996185
4929334879;2.65;1.7;2.10238344068;0.0699859733682;-1.72312063945;-2.28999996185
4979281902;2.65;1.7;2.10238344068;0.062634165405;-1.73168066976;-2.26999998093
5010597944;2.65;1.7;2.07854048522;0.062634165405;-1.73168066976;-2.26999998093
5023793936;2.65;1.7;2.07854048522;0.0561448061452;-1.73956027434;-2.25
5024925947;2.65;1.7;2.07854048522;0.0560066079424;-1.73973145045;-2.25
5025970936;2.65;1.7;2.07854048522;0.0558684097396;-1.73990262656;-2.25
5069708824;2.65;1.7;2.07854048522;0.0499999982969;-1.74726595946;-2.23000001907
5097815990;2.59;1.7;2.07972273908;0.0499999982969;-1.74726595946;-2.23000001907
5121393919;2.59;1.7;2.07972273908;0.0433917618312;-1.75587997669;-2.21000003815
5163959980;2.59;1.7;2.07972273908;0.0366730404965;-1.76513868673;-2.19000005722
5215564966;2.59;1.7;2.07972273908;0.0308066504007;-1.77349983254;-2.17000007629
5217286825;2.59;1.7;2.07972273908;0.0301986744224;-1.77439002874;-2.17000007629
5218743801;2.59;1.7;2.07972273908;0.0297023675324;-1.77511671948;-2.17000007629
5220105886;2.59;1.7;2.07972273908;0.0295286601224;-1.77537106123;-2.17000007629
5222410917;2.59;1.7;2.07972273908;0.0292432836466;-1.77578890842;-2.17000007629
5223733902;2.59;1.7;2.07972273908;0.0290819838953;-1.77602508293;-2.17000007629
5229704857;2.575;1.72;2.05060133033;0.0290819838953;-1.77602508293;-2.17000007629
5263894796;2.575;1.72;2.05060133033;0.0242988215483;-1.78320098226;-2.15000009537
5308818817;2.575;1.72;2.05060133033;0.0188709137079;-1.79166372314;-2.13000011444
5316008806;2.575;1.72;2.03392766735;0.0188709137079;-1.79166372314;-2.13000011444
5353855848;2.575;1.72;2.03392766735;0.0138364249835;-1.79977290639;-2.11999988556
5399055958;2.575;1.72;2.03392766735;0.00880813893686;-1.80819121222;-2.09999990463
5428167820;2.575;1.805;1.96065346134;0.00880813893686;-1.80819121222;-2.09999990463
5443171978;2.575;1.805;1.96065346134;0.00385885009194;-1.81671431035;-2.08999991417
5443619013;2.575;1.805;1.96065346134;0.0037606047042;-1.81688621685;-2.08999991417
5444294929;2.575;1.805;1.96065346134;0.0036514431552;-1.81707722407;-2.08999991417
5493088007;2.575;1.805;1.96065346134;-0.00140072976354;-1.82632477341;-2.05999994278
5539457798;2.575;1.805;1.96065346134;-0.00526170078215;-1.83376451291;-2.03999996185
5540155888;2.575;1.805;1.96065346134;-0.00588841689314;-1.83500072604;-2.03999996185
5540715933;2.575;1.805;1.96065346134;-0.00621669675787;-1.83564826624;-2.03999996185
5548228979;2.575;1.805;1.96065346134;-0.00630622762921;-1.83582486812;-2.03999996185
5548902988;2.575;1.805;1.96065346134;-0.00702011402733;-1.83723886514;-2.02999997139
5549417019;2.575;1.805;1.96065346134;-0.00709812327758;-1.83739663254;-2.02999997139
5549889803;2.575;1.805;1.96065346134;-0.00719563484749;-1.83759384182;-2.02999997139
5598771810;2.575;1.805;1.96065346134;-0.0116563859815;-1.84672653144;-2.01999998093
5648737907;2.575;1.805;1.96065346134;-0.016295806333;-1.85667565555;-2.0
5693270922;2.575;1.805;1.96065346134;-0.0202284367197;-1.86548013916;-1.98000001907
5698734999;2.575;1.805;1.96065346134;-0.0203040337116;-1.86565445237;-1.98000001907
5699440956;2.575;1.805;1.96065346134;-0.0203796307036;-1.86582876559;-1.98000001907
5718891859;2.57;1.835;1.89522945301;-0.0203796307036;-1.86582876559;-1.98000001907
5743237018;2.57;1.835;1.89522945301;-0.0244154429003;-1.87539947599;-1.96000003815
5788143873;2.57;1.835;1.89522945301;-0.0281220048126;-1.8845791707;-1.94000005722
5788772821;2.57;1.835;1.89522945301;-0.0282013968613;-1.88478434601;-1.94000005722
5789291859;2.57;1.835;1.89522945301;-0.02828078891;-1.88498952132;-1.94000005722
5838056803;2.57;1.835;1.89522945301;-0.032048014568;-1.89490145567;-1.91999995708
5844172954;2.57;1.835;1.87870319815;-0.032048014568;-1.89490145567;-1.91999995708
5882962942;2.57;1.835;1.87870319815;-0.0354340393336;-1.9044825858;-1.89999997616
5929415941;2.57;1.835;1.87870319815;-0.0387872266885;-1.91452438901;-1.87999999523
5973186970;2.57;1.835;1.87870319815;-0.04168264256;-1.92380720701;-1.87000000477
5974206924;2.57;1.835;1.87870319815;-0.0417474896214;-1.92401743276;-1.87000000477
5975135803;2.57;1.835;1.87870319815;-0.0418123366828;-1.9242276585;-1.87000000477
6023876905;2.57;1.835;1.87870319815;-0.044366613596;-1.93287104984;-1.85000002384
6068298817;2.57;1.835;1.87870319815;-0.0470922649319;-1.94276627007;-1.83000004292
6070263863;2.59;1.84;1.85689661814;-0.0470922649319;-1.94276627007;-1.83000004292
6113117933;2.59;1.84;1.85689661814;-0.0496503521872;-1.95260296224;-1.82000005245
6113737821;2.59;1.84;1.85689661814;-0.0497046113089;-1.95281616626;-1.82000005245
6114220858;2.59;1.84;1.85689661814;-0.0497588704306;-1.95302937027;-1.82000005245
6169255972;2.59;1.84;1.85689661814;-0.0515844325066;-1.9603284476;-1.80999994278
6216274023;2.59;1.84;1.85689661814;-0.054788242982;-1.97417410985;-1.78999996185
6223429918;2.57;1.835;1.83197833733;-0.054788242982;-1.97417410985;-1.78999996185
6274799824;2.57;1.835;1.83197833733;-0.0567057622054;-1.98346003454;-1.76999998093
6276818991;2.57;1.835;1.83197833733;-0.0568842578985;-1.98434419701;-1.76999998093
6279284954;2.57;1.835;1.83197833733;-0.057526713642;-1.98758101824;-1.75999999046
6280848980;2.57;1.835;1.83197833733;-0.0576094674505;-1.98801316616;-1.75999999046
6282570839;2.57;1.835;1.83197833733;-0.0577292726202;-1.98866219394;-1.75
6284811973;2.57;1.835;1.83197833733;-0.057807700888;-1.98909514777;-1.75
6287182808;2.57;1.835;1.83197833733;-0.0578469150219;-1.98931162469;-1.75
6288751840;2.57;1.835;1.83197833733;-0.0579645574236;-1.98996105544;-1.75
6289999008;2.57;1.835;1.83197833733;-0.0580429856914;-1.99039400928;-1.75
6291465998;2.57;1.835;1.83197833733;-0.0581214139591;-1.99082696311;-1.75
6339905977;2.57;1.835;1.83197833733;-0.0596267973746;-1.9995865102;-1.74000000954
6409998894;2.57;1.835;1.83197833733;-0.0612006615874;-2.01001754161;-1.70000004768
6412092924;2.585;1.885;1.74968034582;-0.0612006615874;-2.01001754161;-1.70000004768
6462193966;2.585;1.885;1.74968034582;-0.0628323140544;-2.02329624283;-1.67999994755
6526353836;2.585;1.885;1.74968034582;-0.0641691400875;-2.0371464913;-1.64999997616
6528163910;2.585;1.885;1.74968034582;-0.0643345026951;-2.03922993921;-1.64999997616
6528893948;2.585;1.885;1.74968034582;-0.0644247004827;-2.04036636536;-1.64999997616
6530176878;2.585;1.885;1.74968034582;-0.0644848323422;-2.04112398281;-1.64999997616
6531409025;2.585;1.885;1.74968034582;-0.0645765334271;-2.04227934941;-1.64999997616
6532553911;2.585;1.885;1.74968034582;-0.0645960762806;-2.04252557507;-1.64999997616
6535512924;2.585;1.885;1.74968034582;-0.0646065993551;-2.04265815811;-1.64999997616
6536031008;2.585;1.885;1.74968034582;-0.0646381685805;-2.04305590726;-1.64999997616
6536679983;2.585;1.885;1.74968034582;-0.064651698248;-2.04322637118;-1.64999997616
6544988871;2.585;1.885;1.74968034582;-0.0646682345085;-2.04343471597;-1.64999997616
6546254873;2.585;1.885;1.74094996876;-0.0646682345085;-2.04343471597;-1.64999997616
6546801805;2.585;1.885;1.74094996876;-0.064820067453;-2.04534770002;-1.64999997616
6549439907;2.585;1.885;1.74094996876;-0.0648351004179;-2.04553710438;-1.64999997616
6555063009;2.585;1.885;1.74094996876;-0.0648501333827;-2.04572650874;-1.64999997616
6555712938;2.585;1.885;1.74094996876;-0.0648651663476;-2.0459159131;-1.64999997616
6556191921;2.585;1.885;1.74094996876;-0.0649102652423;-2.04648412619;-1.64999997616
6556609869;2.585;1.885;1.74094996876;-0.0649553641369;-2.04705233928;-1.64999997616
6598402977;2.585;1.885;1.74094996876;-0.0655263747135;-2.05564029033;-1.62999999523
6643327951;2.585;1.885;1.74094996876;-0.0660480850569;-2.06541626103;-1.62000000477
6688287973;2.585;1.885;1.74094996876;-0.0663595309046;-2.07425457944;-1.60000002384
6730821848;2.585;1.885;1.72696410053;-0.0663595309046;-2.07425457944;-1.60000002384
6739087820;2.585;1.885;1.72696410053;-0.0665087611531;-2.08575930058;-1.57000005245
6740360021;2.585;1.885;1.72696410053;-0.0665085859727;-2.08597930052;-1.57000005245
6741036892;2.585;1.885;1.72696410053;-0.0665084107924;-2.08619930046;-1.57000005245
6788270950;2.585;1.885;1.72696410053;-0.0663859435856;-2.09744035759;-1.54999995232
6837491989;2.585;1.885;1.72696410053;-0.0660661060648;-2.10740109738;-1.52999997139
6839118957;2.585;1.885;1.72696410053;-0.0660571333556;-2.10762091434;-1.52999997139
6839808941;2.585;1.885;1.72696410053;-0.0660302152293;-2.10828036519;-1.52999997139
6843312025;2.585;1.885;1.72696410053;-0.0660212425201;-2.10850018214;-1.52999997139
6843907833;2.585;1.885;1.72696410053;-0.0659683035367;-2.10979710218;-1.52999997139
6888114929;2.585;1.885;1.72696410053;-0.0654056204403;-2.11948264815;-1.5
6928059816;2.64;1.915;1.57504069166;-0.0654056204403;-2.11948264815;-1.5
6938040018;2.64;1.915;1.57504069166;-0.064556900924;-2.13042760183;-1.48000001907
6983173847;2.64;1.915;1.57504069166;-0.0637242695329;-2.13928144438;-1.47000002861
6986975908;2.64;1.915;1.57504069166;-0.0637051506483;-2.13947048001;-1.47000002861
6987812996;2.64;1.915;1.57504069166;-0.063649705884;-2.14001868334;-1.47000002861
6988308906;2.64;1.915;1.57504069166;-0.0635885254546;-2.14062359736;-1.47000002861
6988806963;2.64;1.915;1.57504069166;-0.06356940657;-2.14081263299;-1.47000002861
6994722843;2.64;1.915;1.57504069166;-0.0635502876854;-2.14100166862;-1.47000002861
7038579941;2.64;1.915;1.57504069166;-0.0624753417714;-2.1506820268;-1.45000004768
7083415985;2.64;1.915;1.57504069166;-0.0612061341103;-2.16069973117;-1.42999994755
7084675789;2.64;1.915;1.57504069166;-0.0611752611443;-2.16091755418;-1.42999994755
7085265875;2.64;1.915;1.57504069166;-0.0611443881783;-2.16113537719;-1.42999994755
7129844904;2.64;1.915;1.57504069166;-0.059771975368;-2.1705173882;-1.40999996662
7178358793;2.64;1.915;1.57504069166;-0.0580918829084;-2.18047452311;-1.39999997616
7228783846;2.64;1.915;1.57504069166;-0.0563858068011;-2.18973452523;-1.37999999523
7274748802;2.64;1.915;1.57504069166;-0.0538940703465;-2.20182214926;-1.36000001431
7300074816;2.625;1.935;1.54668804589;-0.0538940703465;-2.20182214926;-1.36000001431
7318215847;2.625;1.935;1.54668804589;-0.0518867329642;-2.21074491912;-1.34000003338
7318800926;2.625;1.935;1.54668804589;-0.0518432699354;-2.21092988119;-1.34000003338
7319269895;2.625;1.935;1.54668804589;-0.0517998069066;-2.21111484326;-1.34000003338
7358979940;2.64;1.915;1.4847061868;-0.0517998069066;-2.21111484326;-1.34000003338
7362998962;2.64;1.915;1.4847061868;-0.049708896164;-2.21975329735;-1.33000004292
7410774946;2.64;1.915;1.4847061868;-0.0472479487488;-2.22934238962;-1.30999994278
7438233852;2.67;1.935;1.42501732712;-0.0472479487488;-2.22934238962;-1.30999994278
7458462000;2.67;1.935;1.42501732712;-0.0442026766301;-2.24016373434;-1.28999996185
7504939794;2.67;1.935;1.42501732712;-0.0416512329995;-2.24860843325;-1.26999998093
7507774830;2.67;1.935;1.42501732712;-0.0415704973299;-2.24885978511;-1.25999999046
7508427858;2.67;1.935;1.42501732712;-0.0409717077921;-2.25072397804;-1.25999999046
7508919954;2.67;1.935;1.42501732712;-0.0408909721225;-2.2509753299;-1.25999999046
7509385824;2.67;1.935;1.42501732712;-0.0408371483467;-2.25114289779;-1.25999999046
7553073883;2.67;1.935;1.42501732712;-0.0378251273727;-2.26029569326;-1.24000000954
7558791876;2.67;1.935;1.39553080587;-0.0378251273727;-2.26029569326;-1.24000000954
7598331928;2.67;1.935;1.39553080587;-0.0350021501071;-2.26842117831;-1.23000001907
7646822929;2.67;1.935;1.39553080587;-0.0312267993528;-2.27874614164;-1.21000003815
7662863970;2.73;1.975;1.23746513371;-0.0312267993528;-2.27874614164;-1.21000003815
7688094854;2.73;1.975;1.23746513371;-0.027909582103;-2.28732930624;-1.19000005722
7689165831;2.73;1.975;1.23746513371;-0.0278278169394;-2.28753354742;-1.19000005722
7690123796;2.73;1.975;1.23746513371;-0.0277378752641;-2.28775821271;-1.19000005722
7732860804;2.73;1.975;1.23746513371;-0.0241440632826;-2.29655643034;-1.17999994755
7778034925;2.76;1.97;1.23332735953;-0.0241440632826;-2.29655643034;-1.17999994755
7783313990;2.76;1.97;1.23332735953;-0.0199714445035;-2.30632873544;-1.15999996662
7828187942;2.76;1.97;1.23332735953;-0.0159371883329;-2.31536911898;-1.13999998569
7873616934;2.76;1.97;1.23332735953;-0.0115515181991;-2.32473267491;-1.12000000477
7886477947;2.755;2.01;1.15783266739;-0.0115515181991;-2.32473267491;-1.12000000477
7918017864;2.755;2.01;1.15783266739;-0.00828610335157;-2.33141323299;-1.11000001431
7919300795;2.755;2.01;1.15783266739;-0.00812958250698;-2.33172851892;-1.11000001431
7919938803;2.755;2.01;1.15783266739;-0.00809045229584;-2.3318073404;-1.11000001431
7968472004;2.755;2.01;1.15783266739;-0.00209164789015;-2.34331710957;-1.08000004292
7975746870;2.815;2.06;1.03822442154;-0.00209164789015;-2.34331710957;-1.08000004292
8013218880;2.815;2.06;1.03822442154;0.0027574771773;-2.35209208036;-1.04999995232
8013839006;2.815;2.06;1.03822442154;0.00288186995552;-2.35230893617;-1.04999995232
8014521837;2.815;2.06;1.03822442154;0.00300626273375;-2.35252579198;-1.04999995232
8058429956;2.815;2.06;1.03822442154;0.00809145885636;-2.36120575695;-1.02999997139
8103168964;2.815;2.06;1.03822442154;0.0130936654603;-2.36946727855;-1.01999998093
8148321867;2.815;2.06;1.03822442154;0.0181062779933;-2.37751705364;-1.00999999046
8149340868;2.815;2.06;1.03822442154;0.0182073315355;-2.37767795169;-1.00999999046
8149869919;2.815;2.06;1.03822442154;0.0182982797175;-2.37782275993;-1.00999999046
8198364973;2.815;2.06;1.03822442154;0.0225515812387;-2.384484511;-0.990000009537
8243335962;2.815;2.06;1.03822442154;0.0285863772969;-2.39356371559;-0.980000019073
8270162821;2.805;2.095;1.04821638363;0.0285863772969;-2.39356371559;-0.980000019073
8288294792;2.805;2.095;1.04821638363;0.0342203380298;-2.401757556;-0.959999978542
8333314896;2.805;2.095;1.04821638363;0.0399533300403;-2.40977447201;-0.939999997616
8386134863;2.805;2.095;1.04821638363;0.0461321549306;-2.41809261571;-0.930000007153
8428086996;2.805;2.095;1.04821638363;0.0525829696072;-2.42636923826;-0.899999976158
8481769800;2.805;2.095;1.04821638363;0.0594451490474;-2.4347678829;-0.870000004768
8482730865;2.805;2.095;1.04821638363;0.059587010893;-2.43493603527;-0.870000004768
8491405964;2.805;2.095;1.04821638363;0.0597288727385;-2.43510418765;-0.870000004768
8535768986;2.805;2.095;1.04821638363;0.0666921696454;-2.44324639677;-0.850000023842
8547339916;2.855;2.1;0.998628753618;0.0666921696454;-2.44324639677;-0.850000023842
8578378916;2.855;2.1;0.998628753618;0.0737174142462;-2.45115979508;-0.839999973774
8587785005;2.855;2.1;0.998628753618;0.0738495718866;-2.45130723441;-0.839999973774
8588524818;2.855;2.1;0.998628753618;0.0754581389402;-2.45308565332;-0.829999983311
8589172840;2.855;2.1;0.998628753618;0.0756066116164;-2.45324799823;-0.829999983311
8590440988;2.855;2.1;0.998628753618;0.0757550842926;-2.45341034314;-0.829999983311
8617483854;2.875;2.175;0.929508373508;0.0757550842926;-2.45341034314;-0.829999983311
8635145903;2.875;2.175;0.929508373508;0.0804301763994;-2.45850000183;-0.819999992847
8679551840;2.875;2.175;0.929508373508;0.0882411889543;-2.46672316195;-0.800000011921
8697396994;2.895;2.18;0.923329939781;0.0882411889543;-2.46672316195;-0.800000011921
8723914862;2.895;2.18;0.923329939781;0.0951575885175;-2.47380634613;-0.790000021458
8725201845;2.895;2.18;0.923329939781;0.0952969498838;-2.47394699608;-0.790000021458
8726360798;2.895;2.18;0.923329939781;0.0954672804446;-2.47411890157;-0.790000021458
8768862009;2.895;2.18;0.923329939781;0.102480826447;-2.4810332061;-0.769999980927
8804765940;2.92;2.175;0.794926965455;0.102480826447;-2.4810332061;-0.769999980927
8818639994;2.92;2.175;0.794926965455;0.109825950599;-2.48798990208;-0.75
8863897800;2.92;2.175;0.794926965455;0.118868084715;-2.49626297147;-0.730000019073
8919044971;2.92;2.175;0.794926965455;0.126012728841;-2.50249653567;-0.709999978542
8921093941;2.92;2.175;0.794926965455;0.12860401417;-2.50467914514;-0.699999988079
8921872854;2.925;2.195;0.767402594253;0.12860401417;-2.50467914514;-0.699999988079
8922801018;2.925;2.195;0.767402594253;0.128620840697;-2.50469331792;-0.699999988079
8963184833;2.925;2.195;0.767402594253;0.135706297787;-2.51062392328;-0.689999997616
9013202906;2.925;2.195;0.767402594253;0.144239846388;-2.51745960137;-0.670000016689
9058178902;2.925;2.195;0.767402594253;0.152041496148;-2.5235896897;-0.660000026226
9058944940;2.925;2.195;0.767402594253;0.152215294443;-2.52372457542;-0.660000026226
9059683800;2.925;2.195;0.767402594253;0.152389092737;-2.52385946113;-0.660000026226
9092919826;2.945;2.21;0.74528459613;0.152389092737;-2.52385946113;-0.660000026226
9103304863;2.945;2.21;0.74528459613;0.159913948714;-2.5295193693;-0.639999985695
9148100853;2.945;2.21;0.74528459613;0.166799033764;-2.5346020067;-0.629999995232
9150267839;2.945;2.21;0.74528459613;0.166976799824;-2.53473161855;-0.629999995232
9151045799;2.945;2.21;0.74528459613;0.167510097983;-2.53512045409;-0.629999995232
9151715994;2.945;2.21;0.74528459613;0.16840034419;-2.53576655081;-0.620000004768
9164229870;2.945;2.21;0.74528459613;0.168830072032;-2.53607333739;-0.620000004768
9164963961;2.945;2.21;0.74528459613;0.17017297151;-2.53703204543;-0.620000004768
9165691852;2.945;2.21;0.74528459613;0.170890453882;-2.53754155951;-0.610000014305
9166349888;2.945;2.21;0.74528459613;0.171070776452;-2.53766759036;-0.610000014305
9167291880;2.945;2.21;0.74528459613;0.171251099021;-2.5377936212;-0.610000014305
9208138943;2.945;2.21;0.74528459613;0.178708385047;-2.54290688711;-0.589999973774
9233511925;2.945;2.21;0.713085383633;0.178708385047;-2.54290688711;-0.589999973774
9257539987;2.945;2.21;0.713085383633;0.1868230121;-2.54830460392;-0.579999983311
9303167820;2.945;2.21;0.713085383633;0.195287784276;-2.55369775929;-0.560000002384
9317259788;2.945;2.21;0.57141051884;0.195287784276;-2.55369775929;-0.560000002384
9348311901;2.945;2.21;0.57141051884;0.203550502722;-2.55878199691;-0.540000021458
9357304811;2.945;2.21;0.57141051884;0.203739198637;-2.55889510683;-0.540000021458
9358088016;2.945;2.21;0.57141051884;0.204305286384;-2.55923443662;-0.540000021458
9358622789;2.945;2.21;0.57141051884;0.205437461876;-2.55991309618;-0.540000021458
9360671997;2.945;2.21;0.57141051884;0.20626772386;-2.56041077983;-0.540000021458
9361158848;2.945;2.21;0.57141051884;0.20630546304;-2.56043340181;-0.540000021458
9403113842;2.945;2.21;0.57141051884;0.214215402441;-2.56512330003;-0.519999980927
9413496017;2.97;2.2;0.56183983153;0.214215402441;-2.56512330003;-0.519999980927
9448054790;2.97;2.2;0.56183983153;0.22288183808;-2.56999917851;-0.509999990463
9448653936;2.97;2.2;0.56183983153;0.223073841881;-2.57010657751;-0.509999990463
9449360847;2.97;2.2;0.56183983153;0.223265845682;-2.5702139765;-0.509999990463
9497198820;2.97;2.2;0.56183983153;0.231279700108;-2.5745877035;-0.490000009537
9538427830;2.97;2.2;0.56183983153;0.240387104436;-2.57924578375;-0.460000008345
9558112860;2.97;2.2;0.513296039263;0.240387104436;-2.57924578375;-0.460000008345
9583084822;2.97;2.2;0.513296039263;0.249238234205;-2.58353113947;-0.449999988079
9583673000;2.97;2.2;0.513296039263;0.249436332577;-2.58362683189;-0.449999988079
9584172964;2.97;2.2;0.513296039263;0.249634430949;-2.58372252431;-0.449999988079
9628161907;2.97;2.2;0.513296039263;0.258213671394;-2.58770772725;-0.419999986887
9679085970;2.97;2.2;0.513296039263;0.267008853191;-2.59158987715;-0.40000000596
9735306024;2.97;2.2;0.513296039263;0.278045711218;-2.59616064536;-0.389999985695
9781426906;2.97;2.2;0.513296039263;0.288293232809;-2.60021833842;-0.370000004768
9782754898;2.97;2.2;0.513296039263;0.289118342517;-2.60053836808;-0.370000004768
9787237883;2.97;2.2;0.513296039263;0.289313198928;-2.60061394571;-0.370000004768
9788339853;2.97;2.2;0.513296039263;0.290183162486;-2.60094546269;-0.360000014305
9789254904;2.97;2.2;0.513296039263;0.290360982888;-2.6010123948;-0.360000014305
9789819956;2.97;2.2;0.513296039263;0.290538803289;-2.60107932691;-0.360000014305
9838429928;2.97;2.2;0.513296039263;0.300112739221;-2.60462633313;-0.34999999404
9888547897;2.97;2.2;0.513296039263;0.310472886303;-2.60825632943;-0.330000013113
9889628887;2.97;2.2;0.513296039263;0.310681015626;-2.6083276189;-0.330000013113
9890515804;2.97;2.2;0.513296039263;0.310889144949;-2.60839890837;-0.330000013113
9910765886;2.97;2.2;0.457079401108;0.310889144949;-2.60839890837;-0.330000013113
9938336849;2.97;2.2;0.457079401108;0.319372110008;-2.61119477683;-0.310000002384
9978740930;3.025;2.195;0.0724862361966;0.319372110008;-2.61119477683;-0.310000002384
9983258009;3.025;2.195;0.0724862361966;0.330251395339;-2.61458707721;-0.300000011921
10028337002;3.025;2.195;0.0724862361966;0.33999645862;-2.61739617965;-0.270000010729
10073064804;3.025;2.195;0.0724862361966;0.349463749503;-2.61997341608;-0.25
10073657989;3.025;2.195;0.0724862361966;0.349698226307;-2.62003328784;-0.25
10074210882;3.025;2.195;0.0724862361966;0.349911387049;-2.62008771671;-0.25
10113229990;3.025;2.195;0.0393703305288;0.349911387049;-2.62008771671;-0.25
10118074894;3.025;2.195;0.0393703305288;0.359223233133;-2.62235839948;-0.230000004172
10163139820;3.025;2.195;0.0393703305288;0.367362147768;-2.62421888351;-0.209999993443
10209947824;3.025;2.195;-0.00226893010954;0.367362147768;-2.62421888351;-0.209999993443
10213045835;3.025;2.195;-0.00226893010954;0.380227982979;-2.62685879229;-0.20000000298
10259778023;3.025;2.195;-0.00226893010954;0.389519651978;-2.62859677377;-0.180000007153
10260530949;3.025;2.195;-0.00226893010954;0.389893512572;-2.62866480501;-0.180000007153
10265167951;3.025;2.195;-0.00226893010954;0.39008044288;-2.62869882063;-0.180000007153
10265883922;3.025;2.195;-0.00226893010954;0.390267373188;-2.62873283625;-0.180000007153
10303177833;3.025;2.195;-0.00226893010954;0.398449102856;-2.63012251326;-0.159999996424
10314433813;3.075;2.175;-0.51198774253;0.398449102856;-2.63012251326;-0.159999996424
10353351831;3.075;2.175;-0.51198774253;0.409398043563;-2.63187206652;-0.140000000596
10409308910;3.075;2.175;-0.51198774253;0.416786598268;-2.6328868374;-0.129999995232
10414858818;3.075;2.175;-0.51198774253;0.419604189258;-2.63322658065;-0.119999997318
10415573835;3.075;2.175;-0.51198774253;0.423077034051;-2.63364533396;-0.119999997318
10415982008;3.075;2.175;-0.533139253338;0.423077034051;-2.63364533396;-0.119999997318
10462450981;3.075;2.175;-0.533139253338;0.430269546585;-2.63445498898;-0.109999999404
10500399828;3.075;2.175;-0.53921353813;0.430269546585;-2.63445498898;-0.109999999404
10510711908;3.075;2.175;-0.53921353813;0.443302146859;-2.63566732388;-0.070000000298
10553267956;3.075;2.175;-0.53921353813;0.453005009798;-2.63630595468;-0.0500000007451
10554047823;3.075;2.175;-0.53921353813;0.453224734865;-2.6363169501;-0.0500000007451
10554620981;3.075;2.175;-0.53921353813;0.453444459931;-2.63632794552;-0.0500000007451
10603147983;3.075;2.175;-0.53921353813;0.464148425415;-2.63678891815;-0.0399999991059
10648329019;3.075;2.175;-0.53921353813;0.473911975544;-2.63707442931;-0.019999999553
10649451017;3.075;2.175;-0.53921353813;0.47410996564;-2.63707640928;-0.00999999977648
10651613951;3.075;2.175;-0.53921353813;0.474307955736;-2.63707838924;-0.00999999977648
10693074942;3.075;2.175;-0.53921353813;0.483921475367;-2.63717452764;-0.00999999977648
10710955858;3.105;2.15;-0.782227746222;0.483921475367;-2.63717452764;-0.00999999977648
10738195896;3.105;2.15;-0.782227746222;0.49377720052;-2.63712832841;0.00999999977648
10738765955;3.105;2.15;-0.782227746222;0.49399718953;-2.63712612845;0.00999999977648
10739158869;3.105;2.15;-0.782227746222;0.494187180036;-2.63712422848;0.00999999977648
10783012867;3.105;2.15;-0.782227746222;0.502734116039;-2.63694136479;0.0299999993294
10828299999;3.105;2.15;-0.782227746222;0.512693382987;-2.63658197221;0.0500000007451
10829121828;3.105;2.15;-0.782227746222;0.512913108054;-2.63657097679;0.0500000007451
10829713821;3.105;2.15;-0.782227746222;0.513154805614;-2.63655888183;0.0500000007451
10843997955;3.105;2.15;-0.824597123773;0.513154805614;-2.63655888183;0.0500000007451
10876936912;3.105;2.15;-0.824597123773;0.522523754211;-2.63604819231;0.070000000298
10923139810;3.105;2.15;-0.824597123773;0.534324313848;-2.63517448864;0.0799999982119
10968488932;3.105;2.15;-0.824597123773;0.544943442894;-2.63421309598;0.109999999404
10969596863;3.105;2.15;-0.824597123773;0.545162113245;-2.63418894475;0.109999999404
10970127821;3.105;2.15;-0.824597123773;0.545380783595;-2.63416479353;0.109999999404
10980219841;3.105;2.15;-0.846623264095;0.545380783595;-2.63416479353;0.109999999404
11018186808;3.105;2.15;-0.846623264095;0.555889118468;-2.63291964289;0.129999995232
11072621822;3.105;2.15;-0.846623264095;0.564712168648;-2.63167983666;0.15000000596
11073666811;3.105;2.15;-0.846623264095;0.567714077663;-2.63122614247;0.15000000596
11074426889;3.2;2.1;-1.23341273793;0.567714077663;-2.63122614247;0.15000000596
11075865984;3.2;2.1;-1.23341273793;0.568040372119;-2.63117682788;0.15000000596
11076952934;3.2;2.1;-1.23341273793;0.568679118236;-2.63108029085;0.15000000596
11118135929;3.2;2.1;-1.23341273793;0.57720551675;-2.62972290247;0.170000001788
11163062811;3.2;2.1;-1.23341273793;0.586732303238;-2.62800787711;0.180000007153
11198330879;3.22;2.085;-1.30725105122;0.586732303238;-2.62800787711;0.180000007153
11207938909;3.22;2.085;-1.30725105122;0.594489917095;-2.62652646337;0.20000000298
11218699932;3.22;2.085;-1.30725105122;0.598943869912;-2.62557713701;0.209999993443
11219292879;3.22;2.085;-1.30725105122;0.598965386591;-2.62557255089;0.209999993443
11268188953;3.22;2.085;-1.30725105122;0.609352354864;-2.62322998524;0.230000004172
11313369989;3.22;2.085;-1.30725105122;0.618952323661;-2.6208125413;0.259999990463
11314107895;3.22;2.085;-1.30725105122;0.619164929466;-2.62075598358;0.259999990463
11314687014;3.22;2.085;-1.30725105122;0.619441316999;-2.62068245854;0.259999990463
11337826967;3.22;2.085;-1.43856767547;0.619441316999;-2.62068245854;0.259999990463
11358109951;3.22;2.085;-1.43856767547;0.628527880819;-2.61821401611;0.270000010729
11403280020;3.22;2.085;-1.43856767547;0.637911663562;-2.61550262085;0.289999991655
11403921842;3.22;2.085;-1.43856767547;0.638206802665;-2.61541454757;0.289999991655
11404409885;3.22;2.085;-1.43856767547;0.638375453582;-2.61536421998;0.289999991655
11448276997;3.22;2.085;-1.43856767547;0.647450650873;-2.612542655;0.310000002384
11460920811;3.28;2.075;-1.65006550876;0.647450650873;-2.612542655;0.310000002384
11493077993;3.28;2.075;-1.65006550876;0.656773341431;-2.60948311142;0.319999992847
11493944883;3.28;2.075;-1.65006550876;0.6570030564;-2.60940698631;0.319999992847
11494880915;3.28;2.075;-1.65006550876;0.657211888201;-2.60933778167;0.319999992847
11529802799;3.32;2.055;-1.75770535404;0.657211888201;-2.60933778167;0.319999992847
11543650865;3.32;2.055;-1.75770535404;0.667005376394;-2.60595303761;0.340000003576
11588809967;3.32;2.055;-1.75770535404;0.676468220598;-2.60249250655;0.360000014305
11602911949;3.32;2.055;-1.75770535404;0.676674117907;-2.60241500621;0.360000014305
11603473902;3.32;2.055;-1.75770535404;0.678915257327;-2.60156203232;0.370000004768
11615718841;3.345;2.06;-1.82787801998;0.678915257327;-2.60156203232;0.370000004768
11618294954;3.345;2.06;-1.82787801998;0.679140880542;-2.60147452139;0.370000004768
11618921995;3.345;2.06;-1.82787801998;0.680679220616;-2.60087785593;0.370000004768
11643448830;3.365;2.045;-1.885976165;0.680679220616;-2.60087785593;0.370000004768
11675645828;3.365;2.045;-1.885976165;0.689844065297;-2.59725236091;0.379999995232
11708047867;3.365;2.045;-1.885976165;0.701073906518;-2.59251807335;0.419999986887
11710218906;3.345;2.06;-1.89599774326;0.701073906518;-2.59251807335;0.419999986887
11758243799;3.345;2.06;-1.89599774326;0.709936597185;-2.58851735288;0.439999997616
11765546799;3.345;2.06;-1.89599774326;0.71013564256;-2.5884236462;0.439999997616
11766270876;3.345;2.06;-1.89599774326;0.710533733309;-2.58823623283;0.439999997616
11766925812;3.345;2.06;-1.89599774326;0.712126096305;-2.58748657934;0.439999997616
11767611027;3.345;2.06;-1.89599774326;0.712723232429;-2.58720545928;0.439999997616
11768198967;3.345;2.06;-1.89599774326;0.712922277803;-2.5871117526;0.439999997616
11768682003;3.345;2.06;-1.89599774326;0.713140186001;-2.58700649094;0.449999988079
11801705837;3.345;2.06;-1.89599774326;0.719817541334;-2.58373454002;0.460000008345
11802368879;3.345;2.06;-1.89599774326;0.719994959724;-2.58364663829;0.460000008345
11815497875;3.345;2.06;-1.93807577626;0.719994959724;-2.58364663829;0.460000008345
11843040943;3.345;2.06;-1.93807577626;0.727671252097;-2.57981396656;0.469999998808
11894047975;3.345;2.06;-1.93807577626;0.737152407353;-2.57489781638;0.479999989271
11938356876;3.345;2.06;-1.93807577626;0.745278935502;-2.57050279285;0.5
11938944816;3.345;2.06;-1.93807577626;0.745472003673;-2.57039731923;0.5
11939977884;3.345;2.06;-1.93807577626;0.745665071845;-2.57029184561;0.5
11950740814;3.365;2.045;-1.99146021832;0.745665071845;-2.57029184561;0.5
11983119965;3.365;2.045;-1.99146021832;0.753690773039;-2.5658025998;0.519999980927
12033318996;3.365;2.045;-1.99146021832;0.762426148462;-2.56073717528;0.540000021458
12055624008;3.38;2.015;-2.072934755;0.762426148462;-2.56073717528;0.540000021458
12078058004;3.38;2.015;-2.072934755;0.772012879561;-2.55490827224;0.560000002384
12128100872;3.38;2.015;-2.072934755;0.781276398511;-2.54893641656;0.579999983311
12128629923;3.38;2.015;-2.072934755;0.781460420304;-2.54881585129;0.579999983311
12129525900;3.38;2.015;-2.072934755;0.781644442097;-2.54869528602;0.579999983311
12173420906;3.38;2.015;-2.072934755;0.789492288619;-2.54337426396;0.610000014305
12223333836;3.38;2.015;-2.072934755;0.798438470309;-2.53701183174;0.620000004768
12268453836;3.38;2.015;-2.072934755;0.806032868233;-2.53144578452;0.639999985695
12276626825;3.38;2.015;-2.072934755;0.807924363412;-2.53000786163;0.649999976158
12277463913;3.38;2.015;-2.072934755;0.807941877255;-2.52999454753;0.649999976158
12316064835;3.38;2.015;-2.10115287904;0.807941877255;-2.52999454753;0.649999976158
12318008900;3.38;2.015;-2.10115287904;0.814923066425;-2.52467332325;0.660000026226
12363178015;3.38;2.015;-2.10115287904;0.822875161629;-2.5184142204;0.670000016689
12363860845;3.38;2.015;-2.10115287904;0.8230476024;-2.51827760347;0.670000016689
12364347935;3.38;2.015;-2.10115287904;0.823220043172;-2.51814098655;0.670000016689
12408038855;3.38;2.015;-2.10115287904;0.829955699379;-2.51268878443;0.689999997616
12445114851;3.4;2.0;-2.12174467696;0.829955699379;-2.51268878443;0.689999997616
12456625938;3.4;2.0;-2.12174467696;0.836352536687;-2.50734078422;0.699999988079
12507393837;3.4;2.0;-2.12174467696;0.845926543884;-2.49905360559;0.730000019073
12548105001;3.4;2.0;-2.12174467696;0.853712174505;-2.49204743317;0.740000009537
12548648834;3.4;2.0;-2.12174467696;0.853874637593;-2.49189908982;0.740000009537
12549064875;3.4;2.0;-2.12174467696;0.854037100682;-2.49175074648;0.740000009537
12593080997;3.4;2.0;-2.12174467696;0.861540624504;-2.48464425778;0.769999980927
12638561964;3.4;2.0;-2.12174467696;0.867608238057;-2.47871747736;0.77999997139
12642736912;3.4;2.0;-2.1740292002;0.867608238057;-2.47871747736;0.77999997139
12683132887;3.4;2.0;-2.1740292002;0.876009291322;-2.47025624918;0.800000011921
12706475019;3.405;1.985;-2.19462243665;0.876009291322;-2.47025624918;0.800000011921
12728098869;3.405;1.985;-2.19462243665;0.882453392672;-2.46349849615;0.819999992847
12773103952;3.405;1.985;-2.19462243665;0.888165715386;-2.45729364672;0.829999983311
12774619818;3.425;1.97;-2.24915184167;0.888165715386;-2.45729364672;0.829999983311
12775712967;3.425;1.97;-2.24915184167;0.888314188063;-2.45713130181;0.829999983311
12776244879;3.425;1.97;-2.24915184167;0.888759606074;-2.45664426711;0.829999983311
12776796818;3.425;1.97;-2.24915184167;0.889353496761;-2.45599488751;0.829999983311
12777336836;3.425;1.97;-2.24915184167;0.889559075309;-2.45576553744;0.839999973774
12777722835;3.425;1.97;-2.24915184167;0.889661864583;-2.45565086241;0.839999973774
12818259001;3.425;1.97;-2.24915184167;0.895460094368;-2.44908988133;0.850000023842
12863200903;3.425;1.97;-2.24915184167;0.901912622;-2.44158175939;0.870000004768
12873831987;3.45;1.98;-2.29012404954;0.901912622;-2.44158175939;0.870000004768
12913097858;3.45;1.98;-2.29012404954;0.90889120266;-2.43307925139;0.889999985695
12963316917;3.45;1.98;-2.29012404954;0.915749863508;-2.42447978509;0.910000026226
12963895798;3.45;1.98;-2.29012404954;0.915884887574;-2.42430609425;0.910000026226
12964320898;3.45;1.98;-2.29012404954;0.91601991164;-2.42413240342;0.910000026226
13008184910;3.45;1.98;-2.29012404954;0.921681186978;-2.4166362855;0.930000007153
13008749008;3.41;1.905;-2.34831515884;0.921681186978;-2.4166362855;0.930000007153
13053119898;3.41;1.905;-2.34831515884;0.926650757426;-2.40991384026;0.939999997616
13056729793;3.41;1.905;-2.34831515884;0.926780510797;-2.40973617747;0.939999997616
13057503939;3.41;1.905;-2.34831515884;0.92704001754;-2.40938085189;0.939999997616
13058041811;3.41;1.905;-2.34831515884;0.927299524264;-2.40902552634;0.939999997616
13103086948;3.41;1.905;-2.34831515884;0.933782102199;-2.39981403666;0.959999978542
13118446827;3.41;1.905;-2.36945950808;0.933782102199;-2.39981403666;0.959999978542
13149766922;3.41;1.905;-2.36945950808;0.939077301823;-2.39200165927;0.990000009537
13170945883;3.41;1.905;-2.36945950808;0.939198013595;-2.39181773354;0.990000009537
13175871849;3.41;1.905;-2.36945950808;0.939608433608;-2.3911923861;0.990000009537
13176800966;3.41;1.905;-2.36945950808;0.942179594302;-2.38727476828;0.990000009537
13177484989;3.41;1.905;-2.36945950808;0.942372733124;-2.38698048714;0.990000009537
13180214882;3.41;1.905;-2.36945950808;0.943350498461;-2.38549068881;0.990000009537
13208608866;3.47;1.865;-2.40600220363;0.943350498461;-2.38549068881;0.990000009537
13230458021;3.47;1.865;-2.40600220363;0.948583446633;-2.37729525282;1.01999998093
13272993803;3.47;1.865;-2.40600220363;0.954080303566;-2.36825317784;1.03999996185
13318285942;3.47;1.865;-2.40600220363;0.958956461351;-2.35981484001;1.04999995232
13318977833;3.47;1.865;-2.40600220363;0.959065926995;-2.3596240069;1.04999995232
13319523811;3.47;1.865;-2.40600220363;0.959175392639;-2.35943317379;1.04999995232
13363331795;3.47;1.865;-2.40600220363;0.963794979873;-2.35120336831;1.07000005245
13413388014;3.47;1.865;-2.40600220363;0.969000132698;-2.34136350894;1.09000003338
13414721012;3.47;1.865;-2.40600220363;0.969203626255;-2.34097339307;1.09000003338
13415503025;3.47;1.865;-2.40600220363;0.969213800932;-2.34095388728;1.09000003338
13454451799;3.425;1.815;-2.41669164213;0.969213800932;-2.34095388728;1.09000003338
13463122845;3.425;1.815;-2.41669164213;0.973951571239;-2.33159050126;1.11000001431
13513319969;3.425;1.815;-2.41669164213;0.978622669789;-2.32185857992;1.12999999523
13563109875;3.425;1.815;-2.41669164213;0.982983840288;-2.31241184218;1.14999997616
13563964844;3.425;1.815;-2.41669164213;0.983073707534;-2.31221103411;1.14999997616
13564682007;3.425;1.815;-2.41669164213;0.983181548229;-2.31197006442;1.14999997616
13565203905;3.41;1.805;-2.45236908193;0.983181548229;-2.31197006442;1.14999997616
13615254879;3.41;1.805;-2.45236908193;0.987426827119;-2.3023972937;1.15999996662
13661132812;3.41;1.805;-2.45236908193;0.990768153455;-2.29449491146;1.17999994755
13667749882;3.41;1.805;-2.45236908193;0.990851956931;-2.29429149814;1.17999994755
13668567896;3.335;1.7;-2.51530053269;0.990851956931;-2.29429149814;1.17999994755
13669173956;3.335;1.7;-2.51530053269;0.991718667599;-2.29212654173;1.19000005722
13722698927;3.335;1.7;-2.51530053269;0.995714359714;-2.28192551198;1.21000003815
13758864880;3.335;1.7;-2.51530053269;0.998200024926;-2.27526851811;1.22000002861
13762738943;3.335;1.7;-2.51530053269;0.998275626988;-2.27506191624;1.22000002861
13763719797;3.335;1.7;-2.51530053269;0.998351229049;-2.27485531437;1.22000002861
13776448965;3.37;1.695;-2.53772695373;0.998351229049;-2.27485531437;1.22000002861
13805431843;3.37;1.695;-2.53772695373;1.00162468954;-2.26551286989;1.25
13848031998;3.37;1.695;-2.53772695373;1.00566309197;-2.25300511166;1.27999997139
13863505840;3.315;1.635;-2.61592880541;1.00566309197;-2.25300511166;1.27999997139
13893935919;3.315;1.635;-2.61592880541;1.00860243534;-2.24296463922;1.28999996185
13894624948;3.315;1.635;-2.61592880541;1.00867171557;-2.24272443045;1.28999996185
13895153999;3.315;1.635;-2.61592880541;1.00875485185;-2.24243617992;1.28999996185
13943043947;3.315;1.635;-2.61592880541;1.01148188425;-2.23250281536;1.30999994278
13988084793;3.315;1.635;-2.61592880541;1.01371666443;-2.22391596299;1.32000005245
13990317821;3.315;1.61;-2.63363043474;1.01371666443;-2.22391596299;1.32000005245
14035586834;3.315;1.61;-2.63363043474;1.0157723593;-2.2156170358;1.34000003338
14036341906;3.315;1.61;-2.63363043474;1.01591464353;-2.2150115284;1.34000003338
14036906958;3.315;1.61;-2.63363043474;1.01595993657;-2.21481877846;1.34000003338
14037529945;3.315;1.61;-2.63363043474;1.01601026219;-2.21460461185;1.34000003338
14083341837;3.315;1.61;-2.63363043474;1.01822997636;-2.20488907348;1.35000002384
14090425014;3.295;1.61;-2.65819081921;1.01822997636;-2.20488907348;1.35000002384
14128156900;3.295;1.61;-2.65819081921;1.02027820329;-2.19518117244;1.37000000477
14129545927;3.295;1.61;-2.65819081921;1.02035718538;-2.19479312886;1.37000000477
14130004883;3.295;1.61;-2.65819081921;1.02036157327;-2.19477157088;1.37000000477
14172953844;3.295;1.61;-2.65819081921;1.02233045469;-2.18428115807;1.39999997616
14223493814;3.295;1.61;-2.65819081921;1.02348170325;-2.17733195264;1.40999996662
14224376917;3.295;1.61;-2.65819081921;1.02422431485;-2.17269103044;1.41999995708
14225123882;3.295;1.61;-2.65819081921;1.02429942761;-2.17219670457;1.41999995708
14225807905;3.295;1.61;-2.65819081921;1.02433698398;-2.17194954162;1.41999995708
14226948023;3.295;1.61;-2.65819081921;1.02438205164;-2.17165294608;1.41999995708
14274076939;3.295;1.61;-2.65819081921;1.02564334316;-2.16277618493;1.44000005722
14290161848;3.28;1.525;-2.74300061909;1.02564334316;-2.16277618493;1.44000005722
14318318844;3.28;1.525;-2.74300061909;1.02698307221;-2.15165903962;1.46000003815
14368335962;3.28;1.525;-2.74300061909;1.02800742901;-2.14134112744;1.48000001907
14413096905;3.28;1.525;-2.74300061909;1.02867033222;-2.13330949055;1.49000000954
14413821936;3.28;1.525;-2.74300061909;1.02878591681;-2.13167958371;1.5
14414307833;3.28;1.525;-2.74300061909;1.02878726082;-2.13166063131;1.5
14426820993;3.255;1.525;-2.75703077769;1.02878726082;-2.13166063131;1.5
14458087921;3.255;1.525;-2.75703077769;1.02934876374;-2.1226121495;1.51999998093
14504354000;3.255;1.525;-2.75703077769;1.02981694593;-2.11270131555;1.52999997139
14548158884;3.255;1.525;-2.75703077769;1.03009251401;-2.10282726153;1.54999995232
14555734873;3.255;1.525;-2.76571234187;1.03009251401;-2.10282726153;1.54999995232
14593120813;3.255;1.525;-2.76571234187;1.03017957826;-2.09294976963;1.57000005245
14638330936;3.255;1.525;-2.76571234187;1.03010840938;-2.08452416775;1.59000003338
14639580965;3.255;1.525;-2.76571234187;1.03007292311;-2.08267650857;1.59000003338
14640124798;3.255;1.525;-2.76571234187;1.0300720782;-2.08263251668;1.59000003338
14672225952;3.23;1.495;-2.84468567964;1.0300720782;-2.08263251668;1.59000003338
14691084862;3.23;1.495;-2.84468567964;1.02973322126;-2.07229834544;1.61000001431
14733527899;3.23;1.495;-2.84468567964;1.02925194903;-2.06221191;1.62999999523
14734148025;3.23;1.495;-2.84468567964;1.02924023355;-2.0620142569;1.62999999523
14734802008;3.23;1.495;-2.84468567964;1.02922721635;-2.06179464234;1.62999999523
14768420935;3.205;1.49;-2.86548142096;1.02922721635;-2.06179464234;1.62999999523
14777835846;3.205;1.49;-2.86548142096;1.02857778034;-2.05222477617;1.64999997616
14828101873;3.205;1.49;-2.86548142096;1.02765264264;-2.0412860748;1.66999995708
14865574837;3.18;1.47;-2.91971546956;1.02765264264;-2.0412860748;1.66999995708
14878479004;3.18;1.47;-2.91971546956;1.02652441734;-2.03045481129;1.67999994755
14928515911;3.18;1.47;-2.91971546956;1.02526205698;-2.0201925592;1.71000003815
14930080891;3.18;1.47;-2.91971546956;1.02523153097;-2.0199746873;1.71000003815
14930653810;3.18;1.47;-2.91971546956;1.02520100496;-2.01975681539;1.71000003815
14973261833;3.18;1.47;-2.91971546956;1.02370320735;-2.00974841098;1.73000001907
15018498897;3.18;1.47;-2.91971546956;1.02183841693;-1.99895056371;1.75
15019313812;3.18;1.47;-2.91971546956;1.0217992028;-1.9987340868;1.75
15021374941;3.18;1.47;-2.91971546956;1.02170116747;-1.99819289454;1.75
15072367906;3.18;1.47;-2.91971546956;1.01973842948;-1.98808600325;1.76999998093
15101339817;3.15;1.435;-3.01246858477;1.01973842948;-1.98808600325;1.76999998093
15117769956;3.15;1.435;-3.01246858477;1.01770393059;-1.9783973953;1.77999997139
15118533850;3.15;1.435;-3.01246858477;1.01747548151;-1.97732137898;1.77999997139
15119202852;3.15;1.435;-3.01246858477;1.01742979169;-1.97710617572;1.77999997139
15119776964;3.15;1.435;-3.01246858477;1.01738195217;-1.9768914401;1.78999996185
15163074970;3.15;1.435;-3.01246858477;1.01588105888;-1.97021614631;1.79999995232
15208203792;3.15;1.435;-3.01246858477;1.012988663;-1.95805967991;1.82000005245
15232270956;3.14;1.43;-3.03277017649;1.012988663;-1.95805967991;1.82000005245
15253392935;3.14;1.43;-3.03277017649;1.01059622387;-1.94888458408;1.83000004292
15267683983;3.14;1.43;-3.03277017649;1.01053983546;-1.94867193331;1.83000004292
15269313812;3.14;1.43;-3.03277017649;1.00969964814;-1.94550343685;1.83000004292
15270015955;3.14;1.43;-3.03277017649;1.00957677282;-1.9450580767;1.84000003338
15270572901;3.14;1.43;-3.03277017649;1.00951826075;-1.94484600043;1.84000003338
15276575804;3.14;1.43;-3.03277017649;1.00944804628;-1.94459150891;1.84000003338
15315368891;3.14;1.43;-3.05206350512;1.00944804628;-1.94459150891;1.84000003338
15317799807;3.14;1.43;-3.05206350512;1.00655845888;-1.93461782877;1.86000001431
15363209009;3.14;1.43;-3.05206350512;1.00360834819;-1.92525994836;1.87999999523
15415277004;3.14;1.43;-3.05206350512;1.0001444685;-1.91505210693;1.90999996662
15458767891;3.14;1.43;-3.05206350512;0.996519541204;-1.90512654615;1.92999994755
15503538847;3.14;1.43;-3.05206350512;0.992731236464;-1.89534143983;1.95000004768
15504827976;3.14;1.43;-3.05206350512;0.992649796668;-1.89513706869;1.95000004768
15505795002;3.14;1.43;-3.05206350512;0.992568356872;-1.89493269755;1.95000004768
15528006792;3.08;1.42;-3.08839397583;0.992568356872;-1.89493269755;1.95000004768
15555238962;3.08;1.42;-3.08839397583;0.98864363963;-1.88533413099;1.96000003815
15598416805;3.08;1.42;-3.08839397583;0.985901499279;-1.87890236769;1.98000001907
15606585026;3.08;1.42;-3.08839397583;0.984486244762;-1.87572642938;1.99000000954
15607584000;3.08;1.42;-3.08839397583;0.984478511131;-1.87570907453;1.99000000954
15648211002;3.08;1.42;-3.08839397583;0.981284404353;-1.86858326762;2.0
15693117857;3.08;1.42;-3.08839397583;0.977491539455;-1.86039297827;2.00999999046
15694947004;3.08;1.42;-3.08839397583;0.977276378716;-1.85993500243;2.00999999046
15695554972;3.08;1.42;-3.08839397583;0.977267023902;-1.85991509044;2.00999999046
15736974001;3.11;1.425;3.12547401133;0.977267023902;-1.85991509044;2.00999999046
15738096952;3.11;1.425;3.12547401133;0.973184082677;-1.85140602975;2.01999998093
15789517879;3.11;1.425;3.12547401133;0.968531169671;-1.84226322781;2.04999995232
15790729999;3.11;1.425;3.12547401133;0.967826285056;-1.8409391667;2.05999994278
15791633844;3.11;1.425;3.12547401133;0.967567827373;-1.84045367765;2.05999994278
15792327881;3.11;1.425;3.12547401133;0.96749733891;-1.84032127153;2.05999994278
15793236971;3.11;1.425;3.12547401133;0.967379858138;-1.84010059468;2.05999994278
15833189011;3.11;1.425;3.12547401133;0.963122908924;-1.83217452901;2.06999993324
15862243891;3.075;1.415;3.10680940047;0.963122908924;-1.83217452901;2.06999993324
15878129005;3.075;1.415;3.10680940047;0.958044413395;-1.82321829472;2.08999991417
15923673868;3.075;1.415;3.10680940047;0.953037108688;-1.81472934359;2.1099998951
15924412966;3.075;1.415;3.10680940047;0.952924149084;-1.81454055765;2.1099998951
15925004005;3.075;1.415;3.10680940047;0.95281118948;-1.81435177171;2.1099998951
15968933821;3.075;1.415;3.10680940047;0.947968913398;-1.80645654269;2.13000011444
15987368822;3.075;1.415;3.06988647305;0.947968913398;-1.80645654269;2.13000011444
16013039827;3.075;1.415;3.06988647305;0.943057757192;-1.79878268143;2.15000009537
16063684940;3.075;1.415;3.06988647305;0.937076182239;-1.78976197142;2.17000007629
16064471006;3.075;1.415;3.06988647305;0.936952105507;-1.78958029872;2.17000007629
16065466881;3.075;1.415;3.06988647305;0.936815621109;-1.78938045876;2.17000007629
16102627993;3.06;1.41;2.97597705846;0.936815621109;-1.78938045876;2.17000007629
16107918978;3.06;1.41;2.97597705846;0.931392670775;-1.78152211034;2.18000006676
16153313875;3.06;1.41;2.97597705846;0.925802524824;-1.77367364903;2.20000004768
16154036999;3.06;1.41;2.97597705846;0.925686001598;-1.77351356675;2.20000004768
16155236959;3.06;1.41;2.97597705846;0.925556531338;-1.77333569754;2.20000004768
16199018001;3.06;1.41;2.97597705846;0.920875054795;-1.76697483059;2.21000003815
16222335815;3.06;1.41;2.97597705846;0.9169210221;-1.76174566236;2.23000001907
16222904920;3.06;1.41;2.97597705846;0.916786274827;-1.76157175671;2.23000001907
16223726988;3.06;1.41;2.97597705846;0.916651527553;-1.76139785105;2.23000001907
16225746870;3.045;1.415;2.95646945105;0.916651527553;-1.76139785105;2.23000001907
16268329859;3.045;1.415;2.95646945105;0.911099172804;-1.75428941766;2.24000000954
16313144922;3.045;1.415;2.95646945105;0.904103051621;-1.74563118262;2.26999998093
16319686890;3.06;1.41;2.92815873386;0.904103051621;-1.74563118262;2.26999998093
16358626842;3.06;1.41;2.92815873386;0.897849448645;-1.73824248695;2.27999997139
16359839916;3.06;1.41;2.92815873386;0.897706178119;-1.73807553319;2.27999997139
16360453844;3.06;1.41;2.92815873386;0.897562907592;-1.73790857942;2.27999997139
16403126001;3.06;1.41;2.92815873386;0.891240215924;-1.7307248253;2.29999995232
16447904825;3.03;1.4;2.87529986158;0.891240215924;-1.7307248253;2.29999995232
16448810816;3.03;1.4;2.87529986158;0.884481235268;-1.72331163595;2.31999993324
16449515819;3.03;1.4;2.87529986158;0.884331402979;-1.72315054502;2.31999993324
16450460911;3.03;1.4;2.87529986158;0.884076688096;-1.72287669044;2.31999993324
16493240833;3.03;1.4;2.87529986158;0.878612121829;-1.7170531912;2.32999992371
16538100958;3.03;1.4;2.87529986158;0.870804105519;-1.70905735951;2.3599998951
16571476936;3.03;1.4;2.85061909723;0.870804105519;-1.70905735951;2.3599998951
16583034992;3.03;1.4;2.85061909723;0.863724342805;-1.70207466771;2.36999988556
16583568811;3.03;1.4;2.85061909723;0.863566646583;-1.70192126659;2.36999988556
16584250927;3.03;1.4;2.85061909723;0.863408950361;-1.70176786546;2.36999988556
16631839991;3.03;1.4;2.85061909723;0.857682389276;-1.69626510549;2.38000011444
16673304796;3.03;1.4;2.85061909723;0.849262792929;-1.6885854541;2.41000008583
16683349848;3.01;1.4;2.75867082924;0.849262792929;-1.6885854541;2.41000008583
16718335867;3.01;1.4;2.75867082924;0.841850914919;-1.68202279574;2.43000006676
16763114929;3.01;1.4;2.75867082924;0.835953691272;-1.67696985474;2.44000005722
16764015913;3.01;1.4;2.75867082924;0.835617612572;-1.67668586337;2.44000005722
16765713930;3.01;1.4;2.75867082924;0.835449573213;-1.67654386767;2.44000005722
16766522884;3.01;1.4;2.75867082924;0.835281533853;-1.67640187197;2.44000005722
16792397976;3.01;1.4;2.73379252974;0.835281533853;-1.67640187197;2.44000005722
16813434839;3.01;1.4;2.73379252974;0.826148208983;-1.66880504809;2.46000003815
16863075972;3.01;1.4;2.73379252974;0.817344302189;-1.66174403442;2.48000001907
16863632917;3.01;1.4;2.73379252974;0.81715336062;-1.66159535586;2.48000001907
16864087820;3.01;1.4;2.73379252974;0.816997135701;-1.66147370976;2.48000001907
16890601873;3.01;1.4;2.72140333634;0.816997135701;-1.66147370976;2.48000001907
16907989025;3.01;1.4;2.72140333634;0.809407553543;-1.65560833861;2.49000000954
16956033945;3.01;1.4;2.72140333634;0.801594554477;-1.6497828382;2.50999999046
16973481893;3.01;1.4;2.58919405489;0.801594554477;-1.6497828382;2.50999999046
